channelid,tvg-name,group-title,tvg-logo,channelname
840347058,广东卫视,广东,https://epg.v1.mk/logo/广东卫视.png,广东卫视
83789163,广东珠江,广东,https://epg.v1.mk/logo/广东珠江.png,广东珠江
8017,广东体育,广东,https://epg.v1.mk/logo/广东体育.png,广东体育
320917527,广东新闻,广东,https://epg.v1.mk/logo/广东新闻.png,广东新闻
10001723,广东民生,广东,https://epg.v1.mk/logo/广东民生.png,广东民生
6142,经济科教,广东,https://epg.v1.mk/logo/广东经济科教.png,经济科教
10001724,广东影视,广东,https://epg.v1.mk/logo/广东影视.png,广东影视
10001722,广东少儿,广东,https://epg.v1.mk/logo/广东少儿.png,广东少儿
6159,南方购物,广东,https://epg.v1.mk/logo/南方购物.png,南方购物
6237,南方购物-精选,广东,https://epg.v1.mk/logo/南方购物.png,南方购物-精选
6156,广东移动,广东,https://epg.v1.mk/logo/广东移动.png,广东移动
669448381,岭南戏曲,广东,https://epg.v1.mk/logo/岭南戏曲.png,岭南戏曲
320918165,嘉佳卡通,广东,https://epg.v1.mk/logo/嘉佳卡通.png,嘉佳卡通
10001721,大湾区卫视,广东,https://epg.v1.mk/logo/大湾区卫视.png,大湾区卫视
453207145,广州综合,广东,https://epg.v1.mk/logo/广州综合.png,广州综合
453206910,广州新闻,广东,https://epg.v1.mk/logo/广州新闻.png,广州新闻
840347070,深圳卫视,广东,https://gcore.jsdelivr.net/gh/taksssss/tv/icon/深圳卫视.png,深圳卫视
10799,深圳都市,广东,https://epg.v1.mk/logo/深圳都市.png,深圳都市
10798,深圳电视剧,广东,https://epg.v1.mk/logo/深圳电视剧.png,深圳电视剧
46326580,深圳少儿,广东,https://epg.v1.mk/logo/深圳少儿.png,深圳少儿
3957,深圳宝安,广东,https://epg.v1.mk/logo/深圳宝安.png,深圳宝安
12578,深圳龙岗,广东,https://epg.v1.mk/logo/深圳龙岗.png,深圳龙岗
152099234,宜和购物,广东,https://epg.v1.mk/logo/深圳宜和购物.png,宜和购物
399596048,佛山综合,广东,https://epg.v1.mk/logo/佛山综合.png,佛山综合
399596050,佛山公共,广东,https://epg.v1.mk/logo/佛山城市生活.png,佛山城市生活
399596080,佛山顺德,广东,https://epg.v1.mk/logo/佛山顺德.png,佛山顺德
399595885,佛山南海,广东,https://epg.v1.mk/logo/佛山南海.png,佛山南海
494715300,东莞新闻,广东,https://epg.v1.mk/logo/东莞新闻综合.png,东莞新闻综合
494715304,东莞生活资讯,广东,https://epg.v1.mk/logo/东莞生活资讯.png,东莞生活资讯
10000306,HZTV1,广东,https://gcore.jsdelivr.net/gh/taksssss/tv/icon/惠州综合.png,惠州综合
10000307,HZTV2,广东,https://gcore.jsdelivr.net/gh/taksssss/tv/icon/惠州公共.png,惠州都市生活
112770345,珠海-1,广东,https://epg.v1.mk/logo/珠海-1.png,珠海新闻综合
340450272,江门综合,广东,https://epg.v1.mk/logo/江门综合.png,江门综合
410877386,中山综合,广东,https://epg.v1.mk/logo/中山综合.png,中山综合
10001407,肇庆新闻,广东,https://epg.v1.mk/logo/肇庆综合.png,肇庆新闻综合
10001408,肇庆生活服务,广东,https://epg.v1.mk/logo/肇庆生活服务.png,肇庆生活服务
364644555,汕头新闻综合,广东,https://epg.v1.mk/logo/汕头新闻综合.png,汕头新闻综合
364644547,汕头经济生活,广东,https://epg.v1.mk/logo/汕头经济生活.png,汕头经济生活
326214459,揭阳综合,广东,https://epg.v1.mk/logo/揭阳综合.png,揭阳综合
619977488,潮州综合,广东,https://epg.v1.mk/logo/潮州综合.png,潮州综合
619977335,潮州民生,广东,https://epg.v1.mk/logo/潮州民生.png,潮州民生
10001842,汕尾新闻综合,广东,https://epg.v1.mk/logo/汕尾新闻综合.png,汕尾新闻综合
10001182,湛江综合,广东,https://epg.v1.mk/logo/湛江综合.png,湛江新闻综合
340661895,茂名综合,广东,https://epg.v1.mk/logo/茂名综合.png,茂名综合
340450208,茂名公共,广东,https://epg.v1.mk/logo/茂名文化生活.png,茂名文化生活
755668147,阳江-1,广东,https://epg.v1.mk/logo/阳江-1.png,阳江-1
10001742,云浮综合,广东,https://epg.v1.mk/logo/云浮综合.png,云浮综合
10001741,云浮文旅,广东,https://epg.v1.mk/logo/云浮文旅.png,云浮文旅
10001663,清远新闻综合,广东,https://epg.v1.mk/logo/清远新闻综合.png,清远新闻综合
8480,韶关新闻,广东,https://epg.v1.mk/logo/韶关新闻综合.png,韶关新闻综合
10001313,河源新闻综合,广东,https://epg.v1.mk/logo/河源综合.png,河源新闻综合
10001312,河源公共,广东,https://epg.v1.mk/logo/河源公共.png,河源生活
634028640,梅州-1,广东,https://epg.v1.mk/logo/梅州综合.png,梅州综合
634028315,客家生活,广东,https://epg.v1.mk/logo/客家生活.png,梅州客家生活
700360053,睛彩竞技,广东,https://epg.v1.mk/logo/睛彩竞技.png,睛彩竞技
700360055,睛彩篮球,广东,https://epg.v1.mk/logo/睛彩篮球.png,睛彩篮球
700359559,睛彩青少,广东,https://epg.v1.mk/logo/睛彩青少.png,睛彩青少
700359560,睛彩广场舞,广东,https://epg.v1.mk/logo/睛彩广场舞.png,睛彩广场舞
731151793,中国天气,广东,https://epg.v1.mk/logo/中国天气.png,中国天气
6838,CCTV1,央视,https://epg.v1.mk/logo/CCTV1.png,CCTV-1 综合
8921,CCTV2,央视,https://epg.v1.mk/logo/CCTV2.png,CCTV-2 财经
143526676,CCTV3,央视,https://epg.v1.mk/logo/CCTV3.png,CCTV-3 综艺
10001121,CCTV4,央视,https://epg.v1.mk/logo/CCTV4.png,CCTV-4 中文国际
594151337,CCTV4欧洲,央视,https://epg.v1.mk/logo/CCTV4欧洲.png,CCTV-4 中文国际欧洲
594151333,CCTV4美洲,央视,https://epg.v1.mk/logo/CCTV4美洲.png,CCTV-4 中文国际美洲
6143,CCTV5+,央视,https://epg.v1.mk/logo/CCTV5+.png,CCTV-5+ 体育赛事
143526200,CCTV5,央视,https://epg.v1.mk/logo/CCTV5.png,CCTV-5 体育
143526615,CCTV6,央视,https://epg.v1.mk/logo/CCTV6.png,CCTV-6 电影
8922,CCTV7,央视,https://epg.v1.mk/logo/CCTV7.png,CCTV-7 国防 军事
143526317,CCTV8,央视,https://epg.v1.mk/logo/CCTV8.png,CCTV-8 电视剧
8919,CCTV9,央视,https://epg.v1.mk/logo/CCTV9.png,CCTV-9 记录
8918,CCTV10,央视,https://epg.v1.mk/logo/CCTV10.png,CCTV-10 科教
10001241,CCTV11,央视,https://epg.v1.mk/logo/CCTV11.png,CCTV-11 戏曲
8920,CCTV12,央视,https://epg.v1.mk/logo/CCTV12.png,CCTV-12 社会与法
10001823,CCTV13,央视,https://epg.v1.mk/logo/CCTV13.png,CCTV-13 新闻
8917,CCTV14,央视,https://epg.v1.mk/logo/CCTV14.png,CCTV-14 少儿
10001242,CCTV15,央视,https://epg.v1.mk/logo/CCTV15.png,CCTV-15 音乐
425398357,CCTV16,央视,https://epg.v1.mk/logo/CCTV16.png,CCTV-16 奥林匹克
10001122,CCTV17,央视,https://epg.v1.mk/logo/CCTV17.png,CCTV-17 农业 农村
710573141,卫生健康,央视,https://epg.v1.mk/logo/卫生健康.png,CCTV-卫生健康
10001581,兵器科技,央视,https://epg.v1.mk/logo/兵器科技.png,CCTV-兵器科技
10001582,电视指南,央视,https://epg.v1.mk/logo/电视指南.png,CCTV-电视指南
10001587,风云足球,央视,https://epg.v1.mk/logo/风云足球.png,CCTV-风云足球
10001591,央视台球,央视,https://epg.v1.mk/logo/央视台球.png,CCTV-央视台球
10001586,高尔夫网球,央视,https://epg.v1.mk/logo/高尔夫网球.png,CCTV-高尔夫网球
10001590,女性时尚,央视,https://epg.v1.mk/logo/女性时尚.png,CCTV-女性时尚
10001592,世界地理,央视,https://epg.v1.mk/logo/世界地理.png,CCTV-世界地理
10001589,怀旧剧场,央视,https://epg.v1.mk/logo/怀旧剧场.png,CCTV-怀旧剧场
10001588,风云剧场,央视,https://epg.v1.mk/logo/风云剧场.png,CCTV-风云剧场
10001585,央视文化精品,央视,https://gcore.jsdelivr.net/gh/taksssss/tv/icon/央视文化精品.png,CCTV-央视文化精品
10001584,第一剧场,央视,https://epg.v1.mk/logo/第一剧场.png,CCTV-第一剧场
10001601,风云音乐,央视,https://epg.v1.mk/logo/风云音乐.png,CCTV-风云音乐
381195955,CGTN,央视,https://epg.v1.mk/logo/CGTN.png,CGTN英语
594590903,CGTN纪录,央视,https://epg.v1.mk/logo/CGTN纪录.png,CGTN英文记录
388096679,CGTN西语,央视,https://epg.v1.mk/logo/CGTN西语.png,CGTN西班牙语
388097125,CGTN法语,央视,https://epg.v1.mk/logo/CGTN法语.png,CGTN法语
388099934,CGTN阿语,央视,https://epg.v1.mk/logo/CGTN阿语.png,CGTN阿拉伯语
388096895,CGTN俄语,央视,https://epg.v1.mk/logo/CGTN俄语.png,CGTN俄语
840347076,湖南卫视,卫视,https://gcore.jsdelivr.net/gh/taksssss/tv/icon/湖南卫视.png,湖南卫视
840347168,浙江卫视,卫视,https://gcore.jsdelivr.net/gh/taksssss/tv/icon/浙江卫视.png,浙江卫视
840347109,江苏卫视,卫视,https://gcore.jsdelivr.net/gh/taksssss/tv/icon/江苏卫视.png,江苏卫视
840337788,东方卫视,卫视,https://gcore.jsdelivr.net/gh/taksssss/tv/icon/东方卫视.png,东方卫视
10377,安徽卫视,卫视,https://gcore.jsdelivr.net/gh/taksssss/tv/icon/安徽卫视.png,安徽卫视
840347062,北京卫视,卫视,https://gcore.jsdelivr.net/gh/taksssss/tv/icon/北京卫视.png,北京卫视
7277,天津卫视,卫视,https://gcore.jsdelivr.net/gh/taksssss/tv/icon/天津卫视.png,天津卫视
840337792,山东卫视,卫视,https://gcore.jsdelivr.net/gh/taksssss/tv/icon/山东卫视.png,山东卫视
98560530,江西卫视,卫视,https://gcore.jsdelivr.net/gh/taksssss/tv/icon/江西卫视.png,江西卫视
6817,湖北卫视,卫视,https://gcore.jsdelivr.net/gh/taksssss/tv/icon/湖北卫视.png,湖北卫视
8837,辽宁卫视,卫视,https://gcore.jsdelivr.net/gh/taksssss/tv/icon/辽宁卫视.png,辽宁卫视
6839,黑龙江卫视,卫视,https://gcore.jsdelivr.net/gh/taksssss/tv/icon/黑龙江卫视.png,黑龙江卫视
11897,贵州卫视,卫视,https://gcore.jsdelivr.net/gh/taksssss/tv/icon/贵州卫视.png,贵州卫视
840347074,四川卫视,卫视,https://gcore.jsdelivr.net/gh/taksssss/tv/icon/四川卫视.png,四川卫视
367378145,河南卫视,卫视,https://gcore.jsdelivr.net/gh/taksssss/tv/icon/河南卫视.png,河南卫视
488774603,云南卫视,卫视,https://gcore.jsdelivr.net/gh/taksssss/tv/icon/云南卫视.png,云南卫视
10302,重庆卫视,卫视,https://gcore.jsdelivr.net/gh/taksssss/tv/icon/重庆卫视.png,重庆卫视
98557151,河北卫视,卫视,https://gcore.jsdelivr.net/gh/taksssss/tv/icon/河北卫视.png,河北卫视
98558818,东南卫视,卫视,https://gcore.jsdelivr.net/gh/taksssss/tv/icon/东南卫视.png,东南卫视
10001162,广西卫视,卫视,https://gcore.jsdelivr.net/gh/taksssss/tv/icon/广西卫视.png,广西卫视
98557072,吉林卫视,卫视,https://gcore.jsdelivr.net/gh/taksssss/tv/icon/吉林卫视.png,吉林卫视
594151286,青海卫视,卫视,https://gcore.jsdelivr.net/gh/taksssss/tv/icon/青海卫视.png,青海卫视
488773815,海南卫视,卫视,https://gcore.jsdelivr.net/gh/taksssss/tv/icon/海南卫视.png,海南卫视
527111723,甘肃卫视,卫视,https://gcore.jsdelivr.net/gh/taksssss/tv/icon/甘肃卫视.png,甘肃卫视
571070943,三沙卫视,卫视,https://gcore.jsdelivr.net/gh/taksssss/tv/icon/三沙卫视.png,三沙卫视
817309966,西藏卫视,卫视,https://gcore.jsdelivr.net/gh/taksssss/tv/icon/西藏卫视.png,西藏卫视
817310115,新疆卫视,卫视,https://gcore.jsdelivr.net/gh/taksssss/tv/icon/新疆卫视.png,新疆卫视
817309842,兵团卫视,卫视,https://gcore.jsdelivr.net/gh/taksssss/tv/icon/兵团卫视.png,兵团卫视
817310023,宁夏卫视,卫视,https://gcore.jsdelivr.net/gh/taksssss/tv/icon/宁夏卫视.png,宁夏卫视
7278,厦门卫视,卫视,https://gcore.jsdelivr.net/gh/taksssss/tv/icon/厦门卫视.png,厦门卫视
869726010,陕西卫视,卫视,https://gcore.jsdelivr.net/gh/taksssss/tv/icon/陕西卫视.png,陕西卫视
5759,山西卫视,卫视,https://gcore.jsdelivr.net/gh/taksssss/tv/icon/山西卫视.png,山西卫视
4668,延边卫视,卫视,https://gcore.jsdelivr.net/gh/taksssss/tv/icon/延边卫视.png,延边卫视
869726928,内蒙古卫视,卫视,https://gcore.jsdelivr.net/gh/taksssss/tv/icon/内蒙古卫视.png,内蒙古卫视
9537,广东体育,超清,https://epg.v1.mk/logo/广东体育.png,广东体育超清
10018,CCTV4,超清,https://epg.v1.mk/logo/CCTV4K.png,CCTV-4 中文国际超清
7999,深圳卫视,超清,https://gcore.jsdelivr.net/gh/taksssss/tv/icon/深圳卫视.png,深圳卫视超清
8004,北京卫视,超清,https://gcore.jsdelivr.net/gh/taksssss/tv/icon/北京卫视.png,北京卫视超清
8005,广东卫视,超清,https://gcore.jsdelivr.net/gh/taksssss/tv/icon/广东卫视.png,广东卫视超清
149736059,湖北卫视,超清,https://gcore.jsdelivr.net/gh/taksssss/tv/icon/湖北卫视.png,湖北卫视超清
358148110,黑龙江卫视,超清,https://gcore.jsdelivr.net/gh/taksssss/tv/icon/黑龙江卫视.png,黑龙江卫视超清
477174388,CCTV4K,4K超高清,https://epg.v1.mk/logo/CCTV4K.png,CCTV4K-25P
12658,广东4K超,4K超高清,https://epg.v1.mk/logo/广东4K.png,广东4K-50P
12657,广东4K超,4K超高清,https://epg.v1.mk/logo/广东4K.png,广东4K-25P 窄色域 30
486705678,南国都市,4K超高清,https://epg.v1.mk/logo/南国都市.png,南国都市4K-25P
780168652,北京卫视,4K超高清,https://gcore.jsdelivr.net/gh/taksssss/tv/icon/北京卫视4K.png,北京卫视4K-25P
780169343,北京卫视,4K超高清,https://gcore.jsdelivr.net/gh/taksssss/tv/icon/北京卫视4K.png,北京卫视4K-50P
807931401,广东卫视,4K超高清,https://gcore.jsdelivr.net/gh/taksssss/tv/icon/广东卫视4K.png,广东卫视4K-25P
805788521,广东卫视,4K超高清,https://gcore.jsdelivr.net/gh/taksssss/tv/icon/广东卫视4K.png,广东卫视4K-50P
805916567,深圳卫视,4K超高清,https://gcore.jsdelivr.net/gh/taksssss/tv/icon/深圳卫视4K.png,深圳卫视4K-25P
831926233,湖南卫视,4K超高清,https://epg.v1.mk/logo/湖南卫视4K.png,湖南卫视4K-50P
831926589,江苏卫视,4K超高清,https://epg.v1.mk/logo/江苏卫视4K.png,江苏卫视4K-50P
831926510,浙江卫视,4K超高清,https://epg.v1.mk/logo/浙江卫视4K.png,浙江卫视4K-50P
831926506,东方卫视,4K超高清,https://epg.v1.mk/logo/东方卫视4K.png,东方卫视4K-50P
831926585,四川卫视,4K超高清,https://epg.v1.mk/logo/四川卫视4K.png,四川卫视4K-50P
831926236,山东卫视,4K超高清,https://epg.v1.mk/logo/山东卫视4K.png,山东卫视4K-50P
10001186,快乐垂钓,付费,https://epg.v1.mk/logo/快乐垂钓.png,快乐垂钓
448464249,求索纪录,付费,https://epg.v1.mk/logo/求索纪录.png,求索纪录
486705741,天元围棋,付费,https://epg.v1.mk/logo/天元围棋.png,天元围棋
11898,CETV1,其他,https://epg.v1.mk/logo/CETV1.png,CETV-1
10001262,CETV2,其他,https://epg.v1.mk/logo/CETV2.png,CETV-2
582786018,CETV4,其他,https://epg.v1.mk/logo/CETV4.png,CETV-4
381196674,早期教育,其他,https://epg.v1.mk/logo/CETV早期教育.png,早期教育
6147,山东教育,其他,https://epg.v1.mk/logo/山东教育卫视.png,山东教育
10258,金鹰纪实,其他,https://epg.v1.mk/logo/金鹰纪实.png,金鹰纪实
422706994,金鹰卡通,其他,https://epg.v1.mk/logo/金鹰卡通.png,金鹰卡通
11935,优漫卡通,其他,https://epg.v1.mk/logo/优漫卡通.png,优漫卡通
5838,卡酷动画,其他,https://epg.v1.mk/logo/卡酷动画.png,卡酷动画
11923,汽摩,其他,https://epg.v1.mk/logo/汽摩.png,汽摩
11934,老故事,其他,https://gcore.jsdelivr.net/gh/taksssss/tv/icon/老故事.png,老故事
11939,国学,其他,https://epg.v1.mk/logo/国学.png,国学
5860,IPTV谍战剧场,其他,https://epg.v1.mk/logo/IPTV谍战剧场.png,IPTV谍战剧场
5858,IPTV相声小品,其他,https://epg.v1.mk/logo/IPTV相声小品.png,IPTV相声小品
5861,IPTV野外,其他,https://epg.v1.mk/logo/IPTV野外.png,IPTV野外
5859,IPTV法治,其他,https://epg.v1.mk/logo/IPTV法治.png,IPTV法治
5527,IPTV3+,其他,https://epg.v1.mk/logo/IPTV3+.png,爱综艺
10617,IPTV5+,其他,https://epg.v1.mk/logo/IPTV5+.png,爱体育
5525,IPTV6+,其他,https://epg.v1.mk/logo/IPTV6+.png,爱电影
5521,IPTV8+,其他,https://epg.v1.mk/logo/IPTV8+.png,爱大剧
6161,经典电影,其他,https://epg.v1.mk/logo/IPTV经典电影.png,经典电影
6162,热播剧场,其他,https://epg.v1.mk/logo/IPTV热播剧场.png,热播剧场
5522,IPTV少儿动画,其他,https://epg.v1.mk/logo/IPTV少儿动画.png,少儿动画
5523,IPTV魅力时尚,其他,https://epg.v1.mk/logo/IPTV魅力时尚.png,魅力时尚
6243,收视指南,其他,https://epg.v1.mk/logo/IPTV收视指南.png,收视指南
11571,环球奇观,其他,https://epg.v1.mk/logo/环球奇观.png,环球奇观
10001822,发现之旅,其他,https://gcore.jsdelivr.net/gh/taksssss/tv/icon/发现之旅.png,发现之旅
11568,中学生,其他,https://gcore.jsdelivr.net/gh/taksssss/tv/icon/中学生.png,中学生
6083,书画,其他,https://epg.v1.mk/logo/书画.png,书画
