# 台标映射（可选）：频道名,tvg-logo
# 由 gdiptv-update 读取，用于给播放列表打 tvg-logo；删掉此文件也不影响播放
广东卫视,https://epg.v1.mk/logo/广东卫视.png
广东珠江,https://epg.v1.mk/logo/广东珠江.png
广东体育,https://epg.v1.mk/logo/广东体育.png
广东新闻,https://epg.v1.mk/logo/广东新闻.png
广东民生,https://epg.v1.mk/logo/广东民生.png
经济科教,https://epg.v1.mk/logo/广东经济科教.png
广东影视,https://epg.v1.mk/logo/广东影视.png
广东少儿,https://epg.v1.mk/logo/广东少儿.png
南方购物,https://epg.v1.mk/logo/南方购物.png
南方购物-精选,https://epg.v1.mk/logo/南方购物.png
广东移动,https://epg.v1.mk/logo/广东移动.png
岭南戏曲,https://epg.v1.mk/logo/岭南戏曲.png
嘉佳卡通,https://epg.v1.mk/logo/嘉佳卡通.png
大湾区卫视,https://epg.v1.mk/logo/大湾区卫视.png
广州综合,https://epg.v1.mk/logo/广州综合.png
广州新闻,https://epg.v1.mk/logo/广州新闻.png
深圳卫视,https://gcore.jsdelivr.net/gh/taksssss/tv/icon/深圳卫视.png
深圳都市,https://epg.v1.mk/logo/深圳都市.png
深圳电视剧,https://epg.v1.mk/logo/深圳电视剧.png
深圳少儿,https://epg.v1.mk/logo/深圳少儿.png
深圳宝安,https://epg.v1.mk/logo/深圳宝安.png
深圳龙岗,https://epg.v1.mk/logo/深圳龙岗.png
宜和购物,https://epg.v1.mk/logo/深圳宜和购物.png
佛山综合,https://epg.v1.mk/logo/佛山综合.png
佛山公共,https://epg.v1.mk/logo/佛山城市生活.png
佛山顺德,https://epg.v1.mk/logo/佛山顺德.png
佛山南海,https://epg.v1.mk/logo/佛山南海.png
东莞新闻,https://epg.v1.mk/logo/东莞新闻综合.png
东莞生活资讯,https://epg.v1.mk/logo/东莞生活资讯.png
HZTV1,https://gcore.jsdelivr.net/gh/taksssss/tv/icon/惠州综合.png
HZTV2,https://gcore.jsdelivr.net/gh/taksssss/tv/icon/惠州公共.png
珠海-1,https://epg.v1.mk/logo/珠海-1.png
江门综合,https://epg.v1.mk/logo/江门综合.png
中山综合,https://epg.v1.mk/logo/中山综合.png
肇庆新闻,https://epg.v1.mk/logo/肇庆综合.png
肇庆生活服务,https://epg.v1.mk/logo/肇庆生活服务.png
汕头新闻综合,https://epg.v1.mk/logo/汕头新闻综合.png
汕头经济生活,https://epg.v1.mk/logo/汕头经济生活.png
揭阳综合,https://epg.v1.mk/logo/揭阳综合.png
潮州综合,https://epg.v1.mk/logo/潮州综合.png
潮州民生,https://epg.v1.mk/logo/潮州民生.png
汕尾新闻综合,https://epg.v1.mk/logo/汕尾新闻综合.png
湛江综合,https://epg.v1.mk/logo/湛江综合.png
茂名综合,https://epg.v1.mk/logo/茂名综合.png
茂名公共,https://epg.v1.mk/logo/茂名文化生活.png
阳江-1,https://epg.v1.mk/logo/阳江-1.png
云浮综合,https://epg.v1.mk/logo/云浮综合.png
云浮文旅,https://epg.v1.mk/logo/云浮文旅.png
清远新闻综合,https://epg.v1.mk/logo/清远新闻综合.png
韶关新闻,https://epg.v1.mk/logo/韶关新闻综合.png
河源新闻综合,https://epg.v1.mk/logo/河源综合.png
河源公共,https://epg.v1.mk/logo/河源公共.png
梅州-1,https://epg.v1.mk/logo/梅州综合.png
客家生活,https://epg.v1.mk/logo/客家生活.png
睛彩竞技,https://epg.v1.mk/logo/睛彩竞技.png
睛彩篮球,https://epg.v1.mk/logo/睛彩篮球.png
睛彩青少,https://epg.v1.mk/logo/睛彩青少.png
睛彩广场舞,https://epg.v1.mk/logo/睛彩广场舞.png
中国天气,https://epg.v1.mk/logo/中国天气.png
CCTV1,https://epg.v1.mk/logo/CCTV1.png
CCTV2,https://epg.v1.mk/logo/CCTV2.png
CCTV3,https://epg.v1.mk/logo/CCTV3.png
CCTV4,https://epg.v1.mk/logo/CCTV4.png
CCTV4欧洲,https://epg.v1.mk/logo/CCTV4欧洲.png
CCTV4美洲,https://epg.v1.mk/logo/CCTV4美洲.png
CCTV5+,https://epg.v1.mk/logo/CCTV5+.png
CCTV5,https://epg.v1.mk/logo/CCTV5.png
CCTV6,https://epg.v1.mk/logo/CCTV6.png
CCTV7,https://epg.v1.mk/logo/CCTV7.png
CCTV8,https://epg.v1.mk/logo/CCTV8.png
CCTV9,https://epg.v1.mk/logo/CCTV9.png
CCTV10,https://epg.v1.mk/logo/CCTV10.png
CCTV11,https://epg.v1.mk/logo/CCTV11.png
CCTV12,https://epg.v1.mk/logo/CCTV12.png
CCTV13,https://epg.v1.mk/logo/CCTV13.png
CCTV14,https://epg.v1.mk/logo/CCTV14.png
CCTV15,https://epg.v1.mk/logo/CCTV15.png
CCTV16,https://epg.v1.mk/logo/CCTV16.png
CCTV17,https://epg.v1.mk/logo/CCTV17.png
卫生健康,https://epg.v1.mk/logo/卫生健康.png
兵器科技,https://epg.v1.mk/logo/兵器科技.png
电视指南,https://epg.v1.mk/logo/电视指南.png
风云足球,https://epg.v1.mk/logo/风云足球.png
央视台球,https://epg.v1.mk/logo/央视台球.png
高尔夫网球,https://epg.v1.mk/logo/高尔夫网球.png
女性时尚,https://epg.v1.mk/logo/女性时尚.png
世界地理,https://epg.v1.mk/logo/世界地理.png
怀旧剧场,https://epg.v1.mk/logo/怀旧剧场.png
风云剧场,https://epg.v1.mk/logo/风云剧场.png
央视文化精品,https://gcore.jsdelivr.net/gh/taksssss/tv/icon/央视文化精品.png
第一剧场,https://epg.v1.mk/logo/第一剧场.png
风云音乐,https://epg.v1.mk/logo/风云音乐.png
CGTN,https://epg.v1.mk/logo/CGTN.png
CGTN纪录,https://epg.v1.mk/logo/CGTN纪录.png
CGTN西语,https://epg.v1.mk/logo/CGTN西语.png
CGTN法语,https://epg.v1.mk/logo/CGTN法语.png
CGTN阿语,https://epg.v1.mk/logo/CGTN阿语.png
CGTN俄语,https://epg.v1.mk/logo/CGTN俄语.png
湖南卫视,https://gcore.jsdelivr.net/gh/taksssss/tv/icon/湖南卫视.png
浙江卫视,https://gcore.jsdelivr.net/gh/taksssss/tv/icon/浙江卫视.png
江苏卫视,https://gcore.jsdelivr.net/gh/taksssss/tv/icon/江苏卫视.png
东方卫视,https://gcore.jsdelivr.net/gh/taksssss/tv/icon/东方卫视.png
安徽卫视,https://gcore.jsdelivr.net/gh/taksssss/tv/icon/安徽卫视.png
北京卫视,https://gcore.jsdelivr.net/gh/taksssss/tv/icon/北京卫视.png
天津卫视,https://gcore.jsdelivr.net/gh/taksssss/tv/icon/天津卫视.png
山东卫视,https://gcore.jsdelivr.net/gh/taksssss/tv/icon/山东卫视.png
江西卫视,https://gcore.jsdelivr.net/gh/taksssss/tv/icon/江西卫视.png
湖北卫视,https://gcore.jsdelivr.net/gh/taksssss/tv/icon/湖北卫视.png
辽宁卫视,https://gcore.jsdelivr.net/gh/taksssss/tv/icon/辽宁卫视.png
黑龙江卫视,https://gcore.jsdelivr.net/gh/taksssss/tv/icon/黑龙江卫视.png
贵州卫视,https://gcore.jsdelivr.net/gh/taksssss/tv/icon/贵州卫视.png
四川卫视,https://gcore.jsdelivr.net/gh/taksssss/tv/icon/四川卫视.png
河南卫视,https://gcore.jsdelivr.net/gh/taksssss/tv/icon/河南卫视.png
云南卫视,https://gcore.jsdelivr.net/gh/taksssss/tv/icon/云南卫视.png
重庆卫视,https://gcore.jsdelivr.net/gh/taksssss/tv/icon/重庆卫视.png
河北卫视,https://gcore.jsdelivr.net/gh/taksssss/tv/icon/河北卫视.png
东南卫视,https://gcore.jsdelivr.net/gh/taksssss/tv/icon/东南卫视.png
广西卫视,https://gcore.jsdelivr.net/gh/taksssss/tv/icon/广西卫视.png
吉林卫视,https://gcore.jsdelivr.net/gh/taksssss/tv/icon/吉林卫视.png
青海卫视,https://gcore.jsdelivr.net/gh/taksssss/tv/icon/青海卫视.png
海南卫视,https://gcore.jsdelivr.net/gh/taksssss/tv/icon/海南卫视.png
甘肃卫视,https://gcore.jsdelivr.net/gh/taksssss/tv/icon/甘肃卫视.png
三沙卫视,https://gcore.jsdelivr.net/gh/taksssss/tv/icon/三沙卫视.png
西藏卫视,https://gcore.jsdelivr.net/gh/taksssss/tv/icon/西藏卫视.png
新疆卫视,https://gcore.jsdelivr.net/gh/taksssss/tv/icon/新疆卫视.png
兵团卫视,https://gcore.jsdelivr.net/gh/taksssss/tv/icon/兵团卫视.png
宁夏卫视,https://gcore.jsdelivr.net/gh/taksssss/tv/icon/宁夏卫视.png
厦门卫视,https://gcore.jsdelivr.net/gh/taksssss/tv/icon/厦门卫视.png
陕西卫视,https://gcore.jsdelivr.net/gh/taksssss/tv/icon/陕西卫视.png
山西卫视,https://gcore.jsdelivr.net/gh/taksssss/tv/icon/山西卫视.png
延边卫视,https://gcore.jsdelivr.net/gh/taksssss/tv/icon/延边卫视.png
内蒙古卫视,https://gcore.jsdelivr.net/gh/taksssss/tv/icon/内蒙古卫视.png
CCTV4K,https://epg.v1.mk/logo/CCTV4K.png
广东4K超,https://epg.v1.mk/logo/广东4K.png
南国都市,https://epg.v1.mk/logo/南国都市.png
快乐垂钓,https://epg.v1.mk/logo/快乐垂钓.png
求索纪录,https://epg.v1.mk/logo/求索纪录.png
天元围棋,https://epg.v1.mk/logo/天元围棋.png
CETV1,https://epg.v1.mk/logo/CETV1.png
CETV2,https://epg.v1.mk/logo/CETV2.png
CETV4,https://epg.v1.mk/logo/CETV4.png
早期教育,https://epg.v1.mk/logo/CETV早期教育.png
山东教育,https://epg.v1.mk/logo/山东教育卫视.png
金鹰纪实,https://epg.v1.mk/logo/金鹰纪实.png
金鹰卡通,https://epg.v1.mk/logo/金鹰卡通.png
优漫卡通,https://epg.v1.mk/logo/优漫卡通.png
卡酷动画,https://epg.v1.mk/logo/卡酷动画.png
汽摩,https://epg.v1.mk/logo/汽摩.png
老故事,https://gcore.jsdelivr.net/gh/taksssss/tv/icon/老故事.png
国学,https://epg.v1.mk/logo/国学.png
IPTV谍战剧场,https://epg.v1.mk/logo/IPTV谍战剧场.png
IPTV相声小品,https://epg.v1.mk/logo/IPTV相声小品.png
IPTV野外,https://epg.v1.mk/logo/IPTV野外.png
IPTV法治,https://epg.v1.mk/logo/IPTV法治.png
IPTV3+,https://epg.v1.mk/logo/IPTV3+.png
IPTV5+,https://epg.v1.mk/logo/IPTV5+.png
IPTV6+,https://epg.v1.mk/logo/IPTV6+.png
IPTV8+,https://epg.v1.mk/logo/IPTV8+.png
经典电影,https://epg.v1.mk/logo/IPTV经典电影.png
热播剧场,https://epg.v1.mk/logo/IPTV热播剧场.png
IPTV少儿动画,https://epg.v1.mk/logo/IPTV少儿动画.png
IPTV魅力时尚,https://epg.v1.mk/logo/IPTV魅力时尚.png
收视指南,https://epg.v1.mk/logo/IPTV收视指南.png
环球奇观,https://epg.v1.mk/logo/环球奇观.png
发现之旅,https://gcore.jsdelivr.net/gh/taksssss/tv/icon/发现之旅.png
中学生,https://gcore.jsdelivr.net/gh/taksssss/tv/icon/中学生.png
书画,https://epg.v1.mk/logo/书画.png
